,Code,FIPS,StateFIPS,CountyFIPS,County,State,Country,Latitude,Longitude,Generation(MWh),Emissions(tons)
7970,64023,34035,34,035,Somerset,New Jersey,USA,40.55812,-74.57594,3508.0,0.0
7971,64025,34021,34,021,Mercer,New Jersey,USA,40.32312,-74.64512,1812.0,0.0
7972,59371,34021,34,021,Mercer,New Jersey,USA,40.200278,-74.576111,2105.0,0.0
7973,57458,34023,34,023,Middlesex,New Jersey,USA,40.535787,-74.391268,4644.0,0.0
7974,58187,34023,34,023,Middlesex,New Jersey,USA,40.516111,-74.34,2603.0,0.0
7975,59365,34021,34,021,Mercer,New Jersey,USA,40.205833,-74.579722,1490.0,0.0
7976,61224,34027,34,027,Morris,New Jersey,USA,40.894197,-74.730162,1819.0,0.0
7977,59370,34021,34,021,Mercer,New Jersey,USA,40.196389,-74.583611,2051.0,0.0
7978,63366,34017,34,017,Hudson,New Jersey,USA,40.751938,-74.131258,2126.0,0.0
7979,62325,34017,34,017,Hudson,New Jersey,USA,40.78976,-74.071521,2539.0,0.0
7980,64194,34021,34,021,Mercer,New Jersey,USA,40.3147,-74.65551,1960.0,0.0
7981,65289,34017,34,017,Hudson,New Jersey,USA,40.77957,-74.04182,2326.0,0.0
7982,65280,34013,34,013,Essex,New Jersey,USA,40.731966,-74.120486,2311.0,0.0
7983,64195,34021,34,021,Mercer,New Jersey,USA,40.32358,-74.64994,1526.0,0.0
7984,62326,34017,34,017,Hudson,New Jersey,USA,40.770516,-74.072239,1526.0,0.0
7985,58798,34001,34,001,Atlantic,New Jersey,USA,39.4375,-74.690556,1401.0,0.0
7986,63260,34005,34,005,Burlington,New Jersey,USA,40.049778,-74.935167,2157.0,0.0
7987,60802,34001,34,001,Atlantic,New Jersey,USA,39.460566,-74.68093,1637.0,0.0
7988,63198,34037,34,037,Sussex,New Jersey,USA,40.92635,-74.675089,1955.0,0.0
7989,63483,34001,34,001,Atlantic,New Jersey,USA,39.359831,-74.434228,47058.0,23567.001
7990,61923,34001,34,001,Atlantic,New Jersey,USA,39.381969,-74.445146,-184.0,0.0
7991,66796,34027,34,027,Morris,New Jersey,USA,40.857536,-74.41258,46.0,0.0
7992,65194,34025,34,025,Monmouth,New Jersey,USA,40.397872,-74.134837,13591.0,0.0
7993,65622,34001,34,001,Atlantic,New Jersey,USA,39.48,-74.516,3469.0,0.0
7994,60772,34001,34,001,Atlantic,New Jersey,USA,39.411372,-74.530865,3393.0,0.0
7995,63195,34005,34,005,Burlington,New Jersey,USA,39.819725,-74.8947,3112.0,0.0
7996,58519,34005,34,005,Burlington,New Jersey,USA,40.000556,-74.735,3754.0,0.0
7997,63353,34039,34,039,Union,New Jersey,USA,40.665678,-74.175226,5350.0,0.0
7998,65213,34027,34,027,Morris,New Jersey,USA,40.845086,-74.428245,9736.0,0.0
7999,58357,34023,34,023,Middlesex,New Jersey,USA,40.566389,-74.221389,3250.0,0.0
8000,64360,34005,34,005,Burlington,New Jersey,USA,40.08556,-74.84089,6914.0,0.0
8001,65952,34037,34,037,Sussex,New Jersey,USA,40.980781,-74.76095,0.0,0.0
8002,56900,34001,34,001,Atlantic,New Jersey,USA,39.3639,-74.4408,2817.0,0.0
8003,58360,34011,34,011,Cumberland,New Jersey,USA,39.519935,-75.029038,2161.0,0.0
8004,62906,34037,34,037,Sussex,New Jersey,USA,41.099995,-74.731032,4449.0,0.0
8005,58093,34039,34,039,Union,New Jersey,USA,40.697222,-74.305,0.0,0.0
8006,66802,34005,34,005,Burlington,New Jersey,USA,39.893694,-74.698006,486.0,0.0
8007,66803,34005,34,005,Burlington,New Jersey,USA,39.892036,-74.694978,793.0,0.0
8008,60227,34005,34,005,Burlington,New Jersey,USA,40.098458,-74.825925,2066.0,0.0
8009,61893,34007,34,007,Camden,New Jersey,USA,39.93903,-75.10802,5239.0,0.0
8010,63298,34001,34,001,Atlantic,New Jersey,USA,39.4877,-74.60035,2672.0,0.0
8011,67121,34039,34,039,Union,New Jersey,USA,40.679815,-74.16546,56.0,0.0
8012,66798,34027,34,027,Morris,New Jersey,USA,40.818832,-74.415765,32.0,0.0
8013,56964,34017,34,017,Hudson,New Jersey,USA,40.652834,-74.09155,751774.002,437022.162
8014,59797,34017,34,017,Hudson,New Jersey,USA,40.652778,-74.117778,0.0,0.0
8015,54569,34029,34,029,Ocean,New Jersey,USA,39.909424,-74.178041,3689.0,439.24
8016,56294,34039,34,039,Union,New Jersey,USA,40.637554,-74.221219,21982.0,0.0
8017,60805,34037,34,037,Sussex,New Jersey,USA,41.152955,-74.638077,7777.0,0.0
8018,58096,34023,34,023,Middlesex,New Jersey,USA,40.568333,-74.2425,2226.0,0.0
8019,63786,34025,34,025,Monmouth,New Jersey,USA,40.28,-74.1,34471.0,0.0
8020,57733,34027,34,027,Morris,New Jersey,USA,40.825556,-74.714722,1677.0,0.0
8021,2398,34003,34,003,Bergen,New Jersey,USA,40.8375,-74.0244,2610082.0,1220348.348
8022,63200,34003,34,003,Bergen,New Jersey,USA,41.079073,-74.150011,1608.0,0.0
8023,60437,34035,34,035,Somerset,New Jersey,USA,40.70266,-74.58158,4447.0,0.0
8024,59097,34041,34,041,Warren,New Jersey,USA,40.698333,-75.151944,15803.0,0.0
8025,57727,34023,34,023,Middlesex,New Jersey,USA,40.3622,-74.4797,3294.0,0.0
8026,60734,34005,34,005,Burlington,New Jersey,USA,40.0389,-74.7766,9992.0,0.0
8027,60733,34025,34,025,Monmouth,New Jersey,USA,40.189425,-74.154483,1799.0,0.0
8028,59166,34015,34,015,Gloucester,New Jersey,USA,39.7875,-75.350833,1757.0,0.0
8029,58947,34021,34,021,Mercer,New Jersey,USA,40.324722,-74.707778,43873.0,28595.506
8030,54829,34023,34,023,Middlesex,New Jersey,USA,40.475724,-74.446199,57816.0,18217.453
8031,66776,34025,34,025,Monmouth,New Jersey,USA,40.326056,-74.130941,4678.0,0.0
8032,62712,34005,34,005,Burlington,New Jersey,USA,40.09283,-74.807687,4697.0,0.0
8033,2399,34005,34,005,Burlington,New Jersey,USA,40.076611,-74.879172,27561.0,15805.226
8034,62616,34013,34,013,Essex,New Jersey,USA,40.859343,-74.302956,1742.0,0.0
8035,59248,34007,34,007,Camden,New Jersey,USA,39.923056,-75.1275,1357.0,0.0
8036,63971,34011,34,011,Cumberland,New Jersey,USA,39.415336,-75.235661,2642.0,0.0
8037,60201,34007,34,007,Camden,New Jersey,USA,39.941853,-75.026208,1762.0,0.0
8038,10122,34035,34,035,Somerset,New Jersey,USA,40.624,-74.634,28265.16,8735.883
8039,62027,34013,34,013,Essex,New Jersey,USA,40.838568,-74.312476,1010.0,0.0
8040,57081,34011,34,011,Cumberland,New Jersey,USA,39.4636,-75.0667,5640.0,0.0
8041,10751,34007,34,007,Camden,New Jersey,USA,39.9175,-75.1192,75951.0,44151.365
8042,10435,34007,34,007,Camden,New Jersey,USA,39.9092,-75.1169,172759.0,206941.548
8043,63334,34005,34,005,Burlington,New Jersey,USA,40.056213,-74.880941,5981.0,0.0
8044,66089,34035,34,035,Somerset,New Jersey,USA,40.535,-74.563,3696.0,0.0
8045,65705,34013,34,013,Essex,New Jersey,USA,40.74525,-74.34379,7672.0,0.0
8046,2379,34011,34,011,Cumberland,New Jersey,USA,39.4547,-75.2014,4523.0,4542.766
8047,59297,34035,34,035,Somerset,New Jersey,USA,40.47,-74.685,1635.0,0.0
8048,64380,34023,34,023,Middlesex,New Jersey,USA,40.55879,-74.45646,2920.0,0.0
8049,60266,34001,34,001,Atlantic,New Jersey,USA,39.503337,-74.964482,9747.0,0.0
8050,65623,34001,34,001,Atlantic,New Jersey,USA,39.551,-74.627,2466.0,0.0
8051,59630,34025,34,025,Monmouth,New Jersey,USA,40.236111,-74.321389,3580.0,0.0
8052,63355,34023,34,023,Middlesex,New Jersey,USA,40.550342,-74.482969,3114.0,0.0
8053,57734,34007,34,007,Camden,New Jersey,USA,39.876111,-75.008611,1445.0,0.0
8054,58094,34005,34,005,Burlington,New Jersey,USA,40.104167,-74.812778,2573.0,0.0
8055,65465,34005,34,005,Burlington,New Jersey,USA,40.01583,-74.98355,17126.0,0.0
8056,58208,34023,34,023,Middlesex,New Jersey,USA,40.465278,-74.393889,0.0,0.0
8057,58235,34011,34,011,Cumberland,New Jersey,USA,39.424444,-75.02,87436.999,50654.84
8058,58165,34021,34,021,Mercer,New Jersey,USA,40.269444,-74.773333,33737.0,10546.613
8059,63356,34005,34,005,Burlington,New Jersey,USA,40.152302,-74.657754,2862.0,0.0
8060,63357,34015,34,015,Gloucester,New Jersey,USA,39.817319,-75.196874,5592.0,0.0
8061,60776,34039,34,039,Union,New Jersey,USA,40.697259,-74.212235,950.0,0.0
8062,62598,34039,34,039,Union,New Jersey,USA,40.666976,-74.407814,1452.0,0.0
8063,58029,34005,34,005,Burlington,New Jersey,USA,39.928889,-74.818056,5522.0,0.0
8064,58536,34025,34,025,Monmouth,New Jersey,USA,40.352222,-74.187778,2958.0,0.0
8065,58512,34011,34,011,Cumberland,New Jersey,USA,39.439722,-75.043889,3924.0,0.0
8066,58359,34011,34,011,Cumberland,New Jersey,USA,39.496667,-75.018611,2867.0,0.0
8067,58881,34027,34,027,Morris,New Jersey,USA,40.856667,-74.581389,3912.0,0.0
8068,10643,34013,34,013,Essex,New Jersey,USA,40.7376,-74.1255,438066.0,544502.24
8069,59446,34023,34,023,Middlesex,New Jersey,USA,40.314722,-74.499167,6487.0,0.0
8070,67062,34021,34,021,Mercer,New Jersey,USA,40.302,-74.496,1566.0,0.0
8071,56884,34011,34,011,Cumberland,New Jersey,USA,39.4494,-75.0928,21384.0,0.001
8072,5083,34011,34,011,Cumberland,New Jersey,USA,39.3757,-74.9654,65598.004,40650.466
8073,63492,34005,34,005,Burlington,New Jersey,USA,40.108316,-74.826404,17468.0,10836.542
8074,63286,34015,34,015,Gloucester,New Jersey,USA,39.822945,-75.216293,5603.0,0.0
8075,61515,34007,34,007,Camden,New Jersey,USA,39.910969,-75.1186,1594.0,0.0
8076,62586,34027,34,027,Morris,New Jersey,USA,40.777783,-74.427242,2739.0,0.0
8077,62958,34039,34,039,Union,New Jersey,USA,40.640209,-74.234881,2467.0,0.0
8078,62957,34023,34,023,Middlesex,New Jersey,USA,40.52132,-74.347394,6231.0,0.0
8079,61507,34015,34,015,Gloucester,New Jersey,USA,39.575217,-75.014147,3774.0,0.0
8080,66021,34007,34,007,Camden,New Jersey,USA,39.85853,-75.010346,3824.0,0.0
8081,66028,34007,34,007,Camden,New Jersey,USA,39.921831,-75.092539,4319.0,0.0
8082,65658,34007,34,007,Camden,New Jersey,USA,39.831654,-74.999234,8739.0,0.0
8083,66020,34007,34,007,Camden,New Jersey,USA,39.907271,-75.046925,5859.0,0.0
8084,62713,34041,34,041,Warren,New Jersey,USA,40.836806,-75.065465,15888.0,0.0
8085,60739,34041,34,041,Warren,New Jersey,USA,40.843699,-75.065155,5337.0,0.0
8086,62492,34001,34,001,Atlantic,New Jersey,USA,39.3733,-74.4369,55343.0,37462.214
8087,62905,34005,34,005,Burlington,New Jersey,USA,40.053,-74.556,7496.0,0.0
8088,64411,34005,34,005,Burlington,New Jersey,USA,40.04936,-74.9353,4187.0,0.0
8089,58951,34001,34,001,Atlantic,New Jersey,USA,39.416111,-74.543889,12367.0,0.0
8090,61864,34005,34,005,Burlington,New Jersey,USA,39.977433,-74.621862,14128.0,0.0
8091,57397,34023,34,023,Middlesex,New Jersey,USA,40.369772,-74.58685,4168.0,0.0
8092,66815,34035,34,035,Somerset,New Jersey,USA,40.550482,-74.54496,2389.0,0.0
8093,10805,34039,34,039,Union,New Jersey,USA,40.6781,-74.2744,152825.44,68.245
8094,64327,34029,34,029,Ocean,New Jersey,USA,39.984,-74.238,34784.0,0.0
8095,50799,34023,34,023,Middlesex,New Jersey,USA,40.460717,-74.327161,8398.0,5109.156
8096,63702,34017,34,017,Hudson,New Jersey,USA,40.77536,-74.070335,10444.0,0.0
8097,63703,34017,34,017,Hudson,New Jersey,USA,40.77853,-74.07224,13351.0,0.0
8098,63706,34017,34,017,Hudson,New Jersey,USA,40.77782,-74.07591,14449.0,0.0
8099,57574,34021,34,021,Mercer,New Jersey,USA,40.281801,-74.793638,809.0,0.0
8100,50561,34015,34,015,Gloucester,New Jersey,USA,39.8746,-75.1592,238499.0,121639.011
8101,60327,34019,34,019,Hunterdon,New Jersey,USA,40.443266,-74.876373,2656.0,0.0
8102,60727,34013,34,013,Essex,New Jersey,USA,40.747582,-74.335762,5756.0,0.0
8103,67067,34023,34,023,Middlesex,New Jersey,USA,40.53,-74.387,464.0,0.0
8104,67066,34023,34,023,Middlesex,New Jersey,USA,40.53,-74.402,1281.0,0.0
8105,67050,34023,34,023,Middlesex,New Jersey,USA,40.662,-74.167,1989.0,0.0
8106,66428,34027,34,027,Morris,New Jersey,USA,40.768436,-74.498739,3635.0,0.0
8107,59367,34023,34,023,Middlesex,New Jersey,USA,40.33,-74.4625,706.0,0.0
8108,63540,34013,34,013,Essex,New Jersey,USA,40.7205,-74.1263,22523.34,14504.621
8109,57776,34023,34,023,Middlesex,New Jersey,USA,40.506358,-74.323519,2365.0,0.0
8110,57485,34019,34,019,Hunterdon,New Jersey,USA,40.483888,-74.856666,11490.0,0.0
8111,60990,34005,34,005,Burlington,New Jersey,USA,40.095611,-74.787611,9375.0,0.0
8112,7138,34029,34,029,Ocean,New Jersey,USA,39.8154,-74.2098,1976.0,3183.575
8113,60732,34037,34,037,Sussex,New Jersey,USA,41.166566,-74.701645,10016.0,0.0
8114,63149,34041,34,041,Warren,New Jersey,USA,40.72,-75.06,13299.0,0.0
8115,66963,34035,34,035,Somerset,New Jersey,USA,40.525967,-74.559144,540.0,0.0
8116,66964,34035,34,035,Somerset,New Jersey,USA,40.480841,-74.494721,674.0,0.0
8117,60759,34023,34,023,Middlesex,New Jersey,USA,40.376292,-74.527849,2035.0,0.0
8118,60994,34029,34,029,Ocean,New Jersey,USA,40.109677,-74.130198,5005.0,0.0
8119,57486,34019,34,019,Hunterdon,New Jersey,USA,40.521667,-75.012222,4097.0,0.0
8120,57487,34019,34,019,Hunterdon,New Jersey,USA,40.514444,-74.976944,3900.0,0.0
8121,58564,34019,34,019,Hunterdon,New Jersey,USA,40.4825,-75.018056,9565.0,0.0
8122,59366,34037,34,037,Sussex,New Jersey,USA,41.189167,-74.591667,9370.0,0.0
8123,64422,34023,34,023,Middlesex,New Jersey,USA,40.48071,-74.48185,1378.0,0.0
8124,63698,34025,34,025,Monmouth,New Jersey,USA,40.172415,-74.023243,4472.0,0.0
8125,62680,34003,34,003,Bergen,New Jersey,USA,40.888632,-74.122229,5911.0,0.0
8126,2393,34019,34,019,Hunterdon,New Jersey,USA,40.565833,-75.163889,26794.0,23488.358
8127,61248,34023,34,023,Middlesex,New Jersey,USA,40.575378,-74.39281,0.0,0.0
8128,66485,34007,34,007,Camden,New Jersey,USA,39.886,-75.109,3268.0,0.0
8129,60752,34015,34,015,Gloucester,New Jersey,USA,39.780789,-75.122887,4286.0,0.0
8130,60839,34017,34,017,Hudson,New Jersey,USA,40.760069,-74.065394,3518.0,0.0
8131,60840,34017,34,017,Hudson,New Jersey,USA,40.77312,-74.077397,2371.0,0.0
8132,52068,34031,34,031,Passaic,New Jersey,USA,40.915319,-74.180986,11616.0,0.0
8133,56877,34023,34,023,Middlesex,New Jersey,USA,40.573708,-74.394414,1594.0,0.0
8134,67461,34021,34,021,Mercer,New Jersey,USA,40.198,-74.633,0.0,0.0
8135,60489,34021,34,021,Mercer,New Jersey,USA,40.168958,-74.630095,9074.0,0.0
8136,66906,34001,34,001,Atlantic,New Jersey,USA,39.657218,-74.808955,1564.0,0.0
8137,59628,34005,34,005,Burlington,New Jersey,USA,40.065278,-74.590556,7548.0,0.0
8138,58095,34031,34,031,Passaic,New Jersey,USA,40.903889,-74.247778,0.0,0.0
8139,59627,34041,34,041,Warren,New Jersey,USA,40.755289,-75.170955,4335.0,0.0
8140,60501,34017,34,017,Hudson,New Jersey,USA,40.782829,-74.072782,917.0,0.0
8141,56701,34003,34,003,Bergen,New Jersey,USA,40.959257,-74.015107,17387.0,14048.615
8142,62438,34023,34,023,Middlesex,New Jersey,USA,40.4987,-74.3878,1606.999,0.0
8143,57869,34023,34,023,Middlesex,New Jersey,USA,40.373898,-74.489236,8041.0,0.0
8144,65468,34023,34,023,Middlesex,New Jersey,USA,40.4966,-74.41746,649.0,0.0
8145,10123,34013,34,013,Essex,New Jersey,USA,40.8359,-74.155,49978.0,14786.816
8146,60763,34019,34,019,Hunterdon,New Jersey,USA,40.599743,-75.108622,2870.0,0.0
8147,65387,34019,34,019,Hunterdon,New Jersey,USA,40.619,-75.155,9788.0,0.0
8148,60933,34021,34,021,Mercer,New Jersey,USA,40.348275,-74.771501,433.0,268.828
8149,61473,34021,34,021,Mercer,New Jersey,USA,40.328005,-74.804896,680.0,0.0
8150,2434,34011,34,011,Cumberland,New Jersey,USA,39.4889,-75.0347,68737.0,41657.823
8151,67460,34025,34,025,Monmouth,New Jersey,USA,40.13,-74.218,0.0,0.0
8152,65953,34025,34,025,Monmouth,New Jersey,USA,40.1337,-74.170856,0.0,0.0
8153,60728,34025,34,025,Monmouth,New Jersey,USA,40.147009,-74.167516,10734.0,0.0
8154,65167,34017,34,017,Hudson,New Jersey,USA,40.72762,-74.10803,2015.0,0.0
8155,62225,34019,34,019,Hunterdon,New Jersey,USA,40.652,-74.908,402.0,0.0
8156,60709,34025,34,025,Monmouth,New Jersey,USA,40.43819,-74.160147,4363.0,0.0
8157,62306,34025,34,025,Monmouth,New Jersey,USA,40.446574,-74.154627,7860.0,0.0
8158,63626,34021,34,021,Mercer,New Jersey,USA,40.18933,-74.65676,1963.0,0.0
8159,61359,34023,34,023,Middlesex,New Jersey,USA,40.582,-74.255,903.0,0.0
8160,61360,34023,34,023,Middlesex,New Jersey,USA,40.583,-74.257,801.0,0.0
8161,63713,34035,34,035,Somerset,New Jersey,USA,40.63251,-74.50348,18057.0,0.0
8162,58016,34005,34,005,Burlington,New Jersey,USA,40.013889,-74.853611,448.0,0.0
8163,60375,34023,34,023,Middlesex,New Jersey,USA,40.470539,-74.383616,9071.0,0.0
8164,61466,34023,34,023,Middlesex,New Jersey,USA,40.595,-74.225,5052.0,0.0
8165,57799,34025,34,025,Monmouth,New Jersey,USA,40.2675,-74.278611,1467.0,0.0
8166,59631,34035,34,035,Somerset,New Jersey,USA,40.555,-74.709444,11286.0,0.0
8167,67070,34023,34,023,Middlesex,New Jersey,USA,40.397,-74.45,2213.0,0.0
8168,58793,34005,34,005,Burlington,New Jersey,USA,39.992818,-74.636933,11453.0,0.0
8169,60113,34029,34,029,Ocean,New Jersey,USA,40.092672,-74.262001,1691.0,0.0
8170,65094,34029,34,029,Ocean,New Jersey,USA,40.06451,-74.35037,4604.0,0.0
8171,59185,34005,34,005,Burlington,New Jersey,USA,40.063743,-74.582429,7588.0,0.0
8172,63530,34017,34,017,Hudson,New Jersey,USA,40.690025,-74.087431,1170.0,0.0
8173,58653,34039,34,039,Union,New Jersey,USA,40.660833,-74.173333,1943.0,0.0
8174,58654,34039,34,039,Union,New Jersey,USA,40.660833,-74.173333,2308.0,0.0
8175,56300,34001,34,001,Atlantic,New Jersey,USA,39.382222,-74.4475,18438.0,0.0
8176,57723,34015,34,015,Gloucester,New Jersey,USA,39.825278,-75.219722,4890.0,0.0
8177,58049,34023,34,023,Middlesex,New Jersey,USA,40.55569,-74.40836,1504.0,0.0
8178,60265,34019,34,019,Hunterdon,New Jersey,USA,40.5237,-74.843398,7086.0,0.0
8179,62739,34011,34,011,Cumberland,New Jersey,USA,39.409744,-75.218545,6236.0,0.0
8180,62746,34025,34,025,Monmouth,New Jersey,USA,40.237803,-74.314421,4309.0,0.0
8181,59910,34029,34,029,Ocean,New Jersey,USA,40.136696,-74.439668,27008.0,0.0
8182,2404,34017,34,017,Hudson,New Jersey,USA,40.737283,-74.096464,132305.0,93938.205
8183,65466,34015,34,015,Gloucester,New Jersey,USA,39.79271,-75.11138,5900.0,0.0
8184,58877,34015,34,015,Gloucester,New Jersey,USA,39.793333,-75.106389,11415.0,0.0
8185,59601,34005,34,005,Burlington,New Jersey,USA,39.980278,-74.770278,14444.0,0.0
8186,60765,34035,34,035,Somerset,New Jersey,USA,40.487906,-74.521366,1484.0,0.0
8187,60766,34025,34,025,Monmouth,New Jersey,USA,40.400273,-74.504689,2414.0,0.0
8188,57868,34023,34,023,Middlesex,New Jersey,USA,40.554341,-74.468014,1731.0,0.0
8189,63413,34009,34,009,Cape may,New Jersey,USA,39.00776,-74.93556,1538.0,0.0
8190,64142,34035,34,035,Somerset,New Jersey,USA,40.570448,-74.63951,288.0,209.213
8191,63503,34029,34,029,Ocean,New Jersey,USA,40.024,-74.312,15915.0,0.0
8192,54640,34029,34,029,Ocean,New Jersey,USA,40.0613,-74.1686,245483.0,120125.82
8193,62454,34029,34,029,Ocean,New Jersey,USA,40.0709,-74.1808,751.0,0.0
8194,57488,34019,34,019,Hunterdon,New Jersey,USA,40.675833,-74.912222,2510.0,0.0
8195,50006,34039,34,039,Union,New Jersey,USA,40.6322,-74.2156,5644192.0,1928042.778
8196,2406,34039,34,039,Union,New Jersey,USA,40.6217,-74.2072,4689366.0,2049605.972
8197,65368,34039,34,039,Union,New Jersey,USA,40.60395,-74.24549,6191.0,0.0
8198,57381,34039,34,039,Union,New Jersey,USA,40.62,-74.2144,3773.0,0.0
8199,67065,34013,34,013,Essex,New Jersey,USA,40.739381,-74.13811,1234.0,0.0
8200,58505,34023,34,023,Middlesex,New Jersey,USA,40.5275,-74.438333,5705.0,0.0
8201,58504,34023,34,023,Middlesex,New Jersey,USA,40.523611,-74.43,577.0,0.0
8202,60769,34009,34,009,Cape may,New Jersey,USA,38.976718,-74.906513,1943.0,0.0
8203,57661,34025,34,025,Monmouth,New Jersey,USA,40.256667,-74.349722,3571.0,0.0
8204,63229,34005,34,005,Burlington,New Jersey,USA,40.11359,-74.70629,2949.0,0.0
8205,57750,34011,34,011,Cumberland,New Jersey,USA,39.4875,-74.980833,3268.0,0.0
8206,10061,0,34,0,Warren,New Jersey,USA,40.8625,-74.825,48540.0,19076.38
8207,57384,34023,34,023,Middlesex,New Jersey,USA,40.534393,-74.269998,2712.0,0.0
8208,57588,34023,34,023,Middlesex,New Jersey,USA,40.3622,-74.4797,3676.0,0.0
8209,66965,34003,34,003,Bergen,New Jersey,USA,40.90192,-74.09369,197.0,0.0
8210,62638,34041,34,041,Warren,New Jersey,USA,40.757615,-74.958162,13268.0,0.0
8211,57662,34021,34,021,Mercer,New Jersey,USA,40.279722,-74.556389,17172.0,0.0
8212,57863,34001,34,001,Atlantic,New Jersey,USA,39.421944,-74.639167,2295.0,0.0
8213,59277,34005,34,005,Burlington,New Jersey,USA,39.922222,-74.806667,1978.0,0.0
8214,58882,34021,34,021,Mercer,New Jersey,USA,40.255833,-74.645278,9774.0,0.0
8215,58070,34021,34,021,Mercer,New Jersey,USA,40.290556,-74.681944,405.0,0.0
8216,10224,34039,34,039,Union,New Jersey,USA,40.615616,-74.26529,42309.0,13642.811
8217,8008,34015,34,015,Gloucester,New Jersey,USA,39.8119,-75.249031,2082.0,2125.046
8218,58090,34023,34,023,Middlesex,New Jersey,USA,40.426389,-74.492222,5862.0,0.0
8219,56119,34023,34,023,Middlesex,New Jersey,USA,40.4903,-74.3156,99380.0,0.044
8220,67368,34023,34,023,Middlesex,New Jersey,USA,40.528289,-74.435463,2473.0,0.0
8221,62637,34019,34,019,Hunterdon,New Jersey,USA,40.614955,-75.156486,11116.0,0.0
8222,62904,34025,34,025,Monmouth,New Jersey,USA,40.254975,-74.380834,2025.0,0.0
8223,57728,34005,34,005,Burlington,New Jersey,USA,40.031388,-74.824722,5077.0,0.0
8224,58822,34011,34,011,Cumberland,New Jersey,USA,39.376389,-75.033056,1492.0,0.0
8225,63451,34023,34,023,Middlesex,New Jersey,USA,40.312,-74.425,17786.0,0.0
8226,63501,34031,34,031,Passaic,New Jersey,USA,40.865207,-74.196651,47030.2,28698.217
8227,65329,34005,34,005,Burlington,New Jersey,USA,39.975579,-74.888716,3704.0,0.0
8228,65348,34027,34,027,Morris,New Jersey,USA,40.881,-74.699,28106.0,0.0
8229,65095,34027,34,027,Morris,New Jersey,USA,40.93207,-74.62377,2851.0,0.0
8230,59844,34023,34,023,Middlesex,New Jersey,USA,40.350341,-74.59268,1140.0,0.0
8231,57471,34039,34,039,Union,New Jersey,USA,40.684444,-74.404444,1562.0,0.0
8232,60857,34029,34,029,Ocean,New Jersey,USA,40.070879,-74.161153,583.0,0.0
8233,60378,34041,34,041,Warren,New Jersey,USA,40.76,-74.935,3806.0,0.0
8234,67808,34013,34,013,Essex,New Jersey,USA,40.684,-74.191,0.0,0.0
8235,67809,34013,34,013,Essex,New Jersey,USA,40.684,-74.191,0.0,0.0
8236,67810,34013,34,013,Essex,New Jersey,USA,40.684,-74.191,0.0,0.0
8237,67811,34013,34,013,Essex,New Jersey,USA,40.684,-74.191,0.0,0.0
8238,57948,34011,34,011,Cumberland,New Jersey,USA,39.380565,-75.188312,15413.0,0.0
8239,57724,34017,34,017,Hudson,New Jersey,USA,40.750833,-74.11,3827.0,0.0
8240,61599,34025,34,025,Monmouth,New Jersey,USA,40.403238,-74.567786,16542.0,0.0
8241,58079,34013,34,013,Essex,New Jersey,USA,40.707222,-74.125833,3681773.0,1440586.299
8242,60806,34017,34,017,Hudson,New Jersey,USA,40.818,-74.017,2259.0,0.0
8243,58358,34027,34,027,Morris,New Jersey,USA,40.924167,-74.494722,4501.0,0.0
8244,59318,34005,34,005,Burlington,New Jersey,USA,40.069601,-74.584842,7608.0,0.0
8245,62903,34025,34,025,Monmouth,New Jersey,USA,40.257726,-74.441969,12238.0,0.0
8246,54980,34029,34,029,Ocean,New Jersey,USA,40.024937,-74.250137,83818.002,0.0
8247,55938,34029,34,029,Ocean,New Jersey,USA,40.0633,-74.1672,232632.0,145565.79
8248,66845,34023,34,023,Middlesex,New Jersey,USA,40.446,-74.284,353.0,0.0
8249,61600,34025,34,025,Monmouth,New Jersey,USA,40.444372,-74.243376,13591.0,0.0
8250,62622,34039,34,039,Union,New Jersey,USA,40.711684,-74.354231,0.0,0.0
8251,62439,34007,34,007,Camden,New Jersey,USA,39.838784,-75.052996,4426.0,0.0
8252,56889,34039,34,039,Union,New Jersey,USA,40.727386,-74.3783,691.0,0.0
8253,57204,34041,34,041,Warren,New Jersey,USA,40.860629,-74.822935,2285.0,0.0
8254,6118,34033,34,033,Salem,New Jersey,USA,39.4666,-75.5377,9938423.0,0.0
8255,58569,34015,34,015,Gloucester,New Jersey,USA,39.835833,-75.2225,7715.0,0.0
8256,59001,34005,34,005,Burlington,New Jersey,USA,40.1275,-74.710833,12314.0,0.0
8257,59544,34023,34,023,Middlesex,New Jersey,USA,40.456667,-74.328889,487.0,0.0
8258,50311,34031,34,031,Passaic,New Jersey,USA,40.883345,-74.22999,0.0,0.0
8259,58896,34035,34,035,Somerset,New Jersey,USA,40.560556,-74.551389,1161.0,0.0
8260,50628,34015,34,015,Gloucester,New Jersey,USA,39.84,-75.2583,336201.91,109800.83
8261,61073,34005,34,005,Burlington,New Jersey,USA,39.981764,-74.697369,13073.0,0.0
8262,61074,34005,34,005,Burlington,New Jersey,USA,39.979936,-74.701917,13031.0,0.0
8263,65467,34007,34,007,Camden,New Jersey,USA,39.96307,-75.07949,15816.0,0.0
8264,56511,34007,34,007,Camden,New Jersey,USA,39.9894,-75.04,2355.0,0.0
8265,56883,34007,34,007,Camden,New Jersey,USA,39.9894,-75.04,1851.001,0.0
8266,60762,34035,34,035,Somerset,New Jersey,USA,40.711882,-74.663434,8813.0,0.0
8267,57448,34033,34,033,Salem,New Jersey,USA,39.613028,-75.309477,26109.0,0.0
8268,60740,34033,34,033,Salem,New Jersey,USA,39.539042,-75.179342,2264.0,0.0
8269,59364,34035,34,035,Somerset,New Jersey,USA,40.605,-74.439444,1238.0,0.0
8270,61892,34029,34,029,Ocean,New Jersey,USA,40.1094,-74.497779,-5345.0,0.0
8271,63150,34041,34,041,Warren,New Jersey,USA,40.67,-75.16,12636.0,0.0
8272,67068,34023,34,023,Middlesex,New Jersey,USA,40.565,-74.218,1396.0,0.0
8273,67064,34037,34,037,Sussex,New Jersey,USA,40.734,-74.087,4677.0,0.0
8274,67063,34013,34,013,Essex,New Jersey,USA,40.691644,-74.196487,14.0,0.0
8275,61822,34023,34,023,Middlesex,New Jersey,USA,40.339838,-74.62393,23926.0,13474.123
8276,61354,34021,34,021,Mercer,New Jersey,USA,40.379736,-74.625694,3535.0,0.0
8277,58584,34021,34,021,Mercer,New Jersey,USA,40.341389,-74.657222,54033.999,12871.304
8278,60841,34013,34,013,Essex,New Jersey,USA,40.814586,-74.297098,0.0,0.0
8279,60842,34013,34,013,Essex,New Jersey,USA,40.815363,-74.304989,0.0,0.0
8280,61965,34019,34,019,Hunterdon,New Jersey,USA,40.522818,-74.944168,13235.0,0.0
8281,61162,34035,34,035,Somerset,New Jersey,USA,40.483601,-74.650123,0.0,0.0
8282,66486,34003,34,003,Bergen,New Jersey,USA,41.081,-74.174,3394.0,0.0
8283,59059,34035,34,035,Somerset,New Jersey,USA,40.574444,-74.654167,1959.0,0.0
8284,60729,34019,34,019,Hunterdon,New Jersey,USA,40.464221,-74.857879,12199.0,0.0
8285,61601,34019,34,019,Hunterdon,New Jersey,USA,40.453864,-74.863033,12218.0,0.0
8286,59055,34035,34,035,Somerset,New Jersey,USA,40.574444,-74.648056,2454.0,417.898
8287,55239,34023,34,023,Middlesex,New Jersey,USA,40.448674,-74.348879,3149690.0,1354021.864
8288,59278,34005,34,005,Burlington,New Jersey,USA,39.926667,-74.813611,1768.0,0.0
8289,58030,34005,34,005,Burlington,New Jersey,USA,39.928333,-74.814444,8776.0,0.0
8290,60843,34017,34,017,Hudson,New Jersey,USA,40.7278,-74.1142,3403.0,0.0
8291,58036,34007,34,007,Camden,New Jersey,USA,39.903056,-75.125833,10693.0,0.0
8292,65563,34021,34,021,Mercer,New Jersey,USA,40.19247,-74.56597,2109.0,0.0
8293,59319,34025,34,025,Monmouth,New Jersey,USA,40.229725,-74.225818,12836.0,0.0
8294,61751,34035,34,035,Somerset,New Jersey,USA,40.539051,-74.532375,1683.0,0.0
8295,60781,34017,34,017,Hudson,New Jersey,USA,40.66362,-74.100182,1282.0,0.0
8296,50411,34013,34,013,Essex,New Jersey,USA,40.73928,-74.187633,23369.001,7641.25
8297,67401,34023,34,023,Middlesex,New Jersey,USA,40.524806,-74.467186,0.0,0.0
8298,67292,34023,34,023,Middlesex,New Jersey,USA,40.522282,-74.472597,0.0,0.0
8299,67294,34023,34,023,Middlesex,New Jersey,USA,40.479292,-74.437087,0.0,0.0
8300,65418,34035,34,035,Somerset,New Jersey,USA,40.54009,-74.558799,3705.0,0.0
8301,60810,34023,34,023,Middlesex,New Jersey,USA,40.475477,-74.320933,2666.0,0.0
8302,2410,34033,34,033,Salem,New Jersey,USA,39.4625,-75.5358,18397051.0,0.0
8303,66049,34007,34,007,Camden,New Jersey,USA,39.95526,-75.10218,1560.0,0.0
8304,64096,34015,34,015,Gloucester,New Jersey,USA,39.78736,-75.24615,1641.0,0.0
8305,2390,34023,34,023,Middlesex,New Jersey,USA,40.476525,-74.352336,-1752.0,1211.614
8306,10308,34023,34,023,Middlesex,New Jersey,USA,40.439,-74.3444,938193.0,484318.94
8307,63185,34023,34,023,Middlesex,New Jersey,USA,40.438,-74.336,5431.0,0.0
8308,57667,34011,34,011,Cumberland,New Jersey,USA,39.485,-75.215,8929.0,0.0
8309,60747,34025,34,025,Monmouth,New Jersey,USA,40.234177,-74.087225,4450.0,0.0
8310,58172,34029,34,029,Ocean,New Jersey,USA,39.943333,-74.078611,0.0,0.0
8311,63459,34037,34,037,Sussex,New Jersey,USA,41.152222,-74.744444,3665.0,0.0
8312,2411,34023,34,023,Middlesex,New Jersey,USA,40.5558,-74.2469,3201982.0,1323259.792
8313,60267,34025,34,025,Monmouth,New Jersey,USA,40.182623,-74.539003,4444.0,0.0
8314,7288,34011,34,011,Cumberland,New Jersey,USA,39.451,-75.0578,32881.997,26508.042
8315,57951,34025,34,025,Monmouth,New Jersey,USA,40.245,-74.243333,1238.0,0.0
8316,63257,34013,34,013,Essex,New Jersey,USA,40.7397,-74.3642,3129.0,0.0
8317,57341,34023,34,023,Middlesex,New Jersey,USA,40.494804,-74.399511,2567.0,0.0
8318,60746,34035,34,035,Somerset,New Jersey,USA,40.450916,-74.717077,2746.0,0.0
8319,59057,34035,34,035,Somerset,New Jersey,USA,40.574444,-74.648056,595.0,0.0
8320,58402,34035,34,035,Somerset,New Jersey,USA,40.401528,-74.669697,1615.0,0.0
8321,66889,34023,34,023,Middlesex,New Jersey,USA,40.545856,-74.473859,322.0,0.0
8322,63452,34015,34,015,Gloucester,New Jersey,USA,39.846549,-75.212019,9671.0,0.0
8323,67086,34025,34,025,Monmouth,New Jersey,USA,40.15,-74.05,2632.0,0.0
8324,67269,34029,34,029,Ocean,New Jersey,USA,40.025166,-74.249492,4469.0,0.0
8325,60755,34005,34,005,Burlington,New Jersey,USA,40.047769,-74.616461,13383.0,0.0
8326,61907,34005,34,005,Burlington,New Jersey,USA,40.032087,-74.647387,11905.0,0.0
8327,63645,34031,34,031,Passaic,New Jersey,USA,40.9026,-74.1656,0.0,0.0
8328,57864,34001,34,001,Atlantic,New Jersey,USA,39.488443,-74.535263,1293.999,0.0
8329,61891,34041,34,041,Warren,New Jersey,USA,40.66538,-75.144467,-6346.0,0.0
8330,57726,34023,34,023,Middlesex,New Jersey,USA,40.5003,-74.3536,2192.0,0.0
8331,60809,34005,34,005,Burlington,New Jersey,USA,39.987281,-74.801807,1225.0,0.0
8332,67087,34023,34,023,Middlesex,New Jersey,USA,40.55,-74.25,1768.0,0.0
8333,57746,34011,34,011,Cumberland,New Jersey,USA,39.505034,-74.997703,5287.0,0.0
8334,57745,34011,34,011,Cumberland,New Jersey,USA,39.462376,-75.070039,3475.0,0.0
8335,58356,34021,34,021,Mercer,New Jersey,USA,40.301409,-74.722117,7047.0,0.0
8336,63404,34035,34,035,Somerset,New Jersey,USA,40.5737,-74.62947,1740.0,0.0
8337,60771,34007,34,007,Camden,New Jersey,USA,39.760172,-75.014791,1511.0,0.0
8338,58483,34025,34,025,Monmouth,New Jersey,USA,40.263889,-74.084167,43300.0,0.0
8339,58917,34027,34,027,Morris,New Jersey,USA,40.815278,-74.475833,1407.0,0.0
8340,58364,34037,34,037,Sussex,New Jersey,USA,41.200278,-74.491944,3725.0,0.0
8341,57815,34021,34,021,Mercer,New Jersey,USA,40.292778,-74.847222,4143.0,0.0
8342,67243,34029,34,029,Ocean,New Jersey,USA,39.989,-74.173,1216.0,0.0
8343,66751,34029,34,029,Ocean,New Jersey,USA,39.987519,-74.236436,1408.0,0.0
8344,67273,34015,34,015,Gloucester,New Jersey,USA,39.682767,-75.010939,0.0,0.0
8345,67274,34015,34,015,Gloucester,New Jersey,USA,39.680519,-75.003409,0.0,0.0
8346,57647,34027,34,027,Morris,New Jersey,USA,40.818888,-74.718611,4890.0,0.0
8347,57352,34021,34,021,Mercer,New Jersey,USA,40.2314,-74.7539,1591.0,0.0
8348,60808,34023,34,023,Middlesex,New Jersey,USA,40.534414,-74.275153,6516.0,0.0
8349,62612,34023,34,023,Middlesex,New Jersey,USA,40.313573,-74.4847,2983.0,0.0
8350,50960,34039,34,039,Union,New Jersey,USA,40.601264,-74.266372,298350.0,311648.81
8351,58040,34023,34,023,Middlesex,New Jersey,USA,40.320556,-74.501667,3291.0,0.0
8352,50094,34021,34,021,Mercer,New Jersey,USA,40.2167,-74.7667,91.98,37.531
8353,57742,34011,34,011,Cumberland,New Jersey,USA,39.490271,-75.037391,1162.0,0.0
8354,57660,34011,34,011,Cumberland,New Jersey,USA,39.4175,-74.973889,6741.0,0.0
8355,57848,34041,34,041,Warren,New Jersey,USA,40.831012,-75.015775,1441.0,0.0
8356,57383,34017,34,017,Hudson,New Jersey,USA,40.6772,-74.0919,2059.0,0.0
8357,58123,34023,34,023,Middlesex,New Jersey,USA,40.51,-74.328333,2807.0,0.0
8358,56888,34041,34,041,Warren,New Jersey,USA,40.788957,-75.10697,2502.0,0.0
8359,56963,34015,34,015,Gloucester,New Jersey,USA,39.8414,-75.2214,2167830.0,969633.423
8360,59186,34005,34,005,Burlington,New Jersey,USA,40.006667,-74.730278,10411.0,0.0
8361,60500,34017,34,017,Hudson,New Jersey,USA,40.814092,-74.021325,1088.0,0.0
8362,50885,34015,34,015,Gloucester,New Jersey,USA,39.8733,-75.1381,80214.0,103987.425
8363,61630,34027,34,027,Morris,New Jersey,USA,40.814851,-74.47586,468.0,0.0
8364,57805,34031,34,031,Passaic,New Jersey,USA,40.952084,-74.195502,1618.0,0.0
8365,58361,34023,34,023,Middlesex,New Jersey,USA,40.387778,-74.455278,3451.0,0.0
8366,59751,34003,34,003,Bergen,New Jersey,USA,40.825316,-74.09442,1361.0,0.0
8367,59116,34009,34,009,Cape may,New Jersey,USA,39.231111,-74.780833,809.0,0.001
8368,57839,34023,34,023,Middlesex,New Jersey,USA,40.515,-74.318889,4003061.0,1589000.386
8369,6522,34041,34,041,Warren,New Jersey,USA,41.0006,-75.0314,-165216.0,0.0
8370,57382,34021,34,021,Mercer,New Jersey,USA,40.168811,-74.656719,5362.0,0.0
